{
  "simulation_config": {
    "machines": 5,
    "simulation_time": 100.0,
    "monitoring_interval": 10.0,
    "edge_threshold": 0.8
  },
  "overall_stats": {
    "total_predictions": 30,
    "edge_handled": 0,
    "cloud_handled": 30,
    "edge_correct": 0,
    "cloud_correct": 30,
    "overall_accuracy": 100.0
  },
  "latency_stats": {
    "edge_latencies": [],
    "cloud_latencies": [
      1717.2906398773193,
      1716.3166999816895,
      1707.3180675506592,
      1735.3382110595703,
      1753.3373832702637,
      1785.8507633209229,
      1804.8558235168457,
      1810.8563423156738,
      1803.3950328826904,
      1779.5019149780273,
      1698.4362602233887,
      1706.4392566680908,
      1689.9616718292236,
      1697.7152824401855,
      1702.7170658111572,
      1831.037998199463,
      1837.0418548583984,
      1835.035800933838,
      1810.9643459320068,
      1820.9805488586426,
      1867.4798011779785,
      1853.4600734710693,
      1877.4793148040771,
      1857.4800491333008,
      1909.4793796539307,
      1802.9911518096924,
      1822.0009803771973,
      1831.003189086914,
      1829.000473022461,
      1813.1976127624512
    ]
  },
  "machine_stats": {
    "1": {
      "predictions": 6,
      "faults_detected": 0
    },
    "2": {
      "predictions": 6,
      "faults_detected": 2
    },
    "3": {
      "predictions": 6,
      "faults_detected": 0
    },
    "4": {
      "predictions": 6,
      "faults_detected": 2
    },
    "5": {
      "predictions": 6,
      "faults_detected": 1
    }
  },
  "timestamp": "20250911_232140"
}